scenario,run_id,category,outcome,mean_pos_error,rmse_pos,max_pos_error,mean_yaw_error,path_length,duration,path_efficiency,mean_velocity,smoothness,amcl_uncertainty,max_amcl_uncertainty,anomaly_count,anomalies
small-dataset-maps-0-3-door-width-1f1-1,0,door-width,failure,0.03053094560158857,0.03278333471153824,0.050144747138928976,0.03595487344462506,0.4365705980249438,12.780000000000001,0.7345675356943691,0.0341722728467919,0.485437091846526,0.1414213562373095,0.1414213562373095,1,goal_failure
small-dataset-maps-0-3-door-width-1f1-1,1,door-width,failure,0.028770066203453508,0.02998724564922448,0.037632392477038236,0.03515543904240101,0.4169107427796038,12.204,0.7829608748800366,0.0341824289513681,0.5237860691036222,0.14142135623730948,0.1414213562373095,1,goal_failure
small-dataset-maps-0-3-door-width-1f1-1,2,door-width,failure,0.014916998906844302,0.017303176287396384,0.057332167071297686,0.03729524876290443,0.426767671808667,12.204,0.7522749127246784,0.03501469936293258,0.46060296931230027,0.14142135623730948,0.1414213562373095,1,goal_failure
small-dataset-maps-0-33-door-width-1f1-2,0,door-width,failure,0.039765085509750345,0.04216549392998947,0.07597853792337568,0.051867044362523776,0.44524982013317205,12.383999999999999,0.7181069791665592,0.035986120255114176,0.41798914078576865,0.14142135623730948,0.1414213562373095,1,goal_failure
small-dataset-maps-0-33-door-width-1f1-2,1,door-width,failure,0.02415090609112802,0.025028661330027235,0.030574798872214093,0.04391618729179816,0.4226454433566757,12.204,0.7590250850784797,0.03463215903074479,0.6271444013276128,0.14142135623730948,0.1414213562373095,1,goal_failure
small-dataset-maps-0-33-door-width-1f1-2,2,door-width,failure,0.04088105749282383,0.042125742582209,0.05089586416565883,0.040897365428062715,0.4413909336376801,11.484,0.7365445740034121,0.03850429250602615,0.6210343250341368,0.14142135623730948,0.1414213562373095,1,goal_failure
small-dataset-maps-0-36-door-width-1f1-3,0,door-width,failure,0.0293751194303484,0.03096917967080755,0.04941645890660777,0.04055053654033961,5.776273145504515,30.492,0.9675171562787052,0.18958563872235584,0.4925605375468563,0.14142135623730945,0.1414213562373095,2,"goal_failure,stuck"
small-dataset-maps-0-36-door-width-1f1-3,1,door-width,failure,0.0671815049959078,0.0724724148082358,0.11740104214241752,0.03104610945425445,5.882900586224229,28.403999999999996,0.9621307257328825,0.2072574563092365,0.5709352893461485,0.14142135623730948,0.1414213562373095,1,goal_failure
small-dataset-maps-0-36-door-width-1f1-3,2,door-width,failure,0.03678784570378968,0.04020845548032449,0.0737334868325711,0.0374614137303373,5.975936716851626,31.823999999999998,0.9656070588893739,0.18799665997035883,0.5021708607308724,0.14142135623730948,0.1414213562373095,2,"goal_failure,stuck"
small-dataset-maps-0-44-door-width-1f1-4,0,door-width,failure,0.043892214003048186,0.049549205364940195,0.07003263820491562,0.03098008188404661,3.0575084084352904,29.631000000000004,0.9048733381545837,0.1032817846794629,0.6022319468778035,0.14142135623730953,0.1414213562373095,1,goal_failure
small-dataset-maps-0-44-door-width-1f1-4,1,door-width,failure,0.05047878682846159,0.05748242249897445,0.10190454795458408,0.03481189566719123,3.6491915906884804,33.552,0.8600404039175058,0.1088371343251866,0.7151803793527252,0.14142135623730948,0.1414213562373095,1,goal_failure
small-dataset-maps-0-44-door-width-1f1-4,2,door-width,failure,0.06310340484557402,0.07418330140853274,0.12778347696704723,0.028575776263263426,3.6167743214338524,39.456,0.873493268667105,0.09175221655696887,0.5253865227078496,0.14142135623730948,0.1414213562373095,1,goal_failure
small-dataset-maps-0-47-door-width-1f1-5,0,door-width,failure,0.044766874630951824,0.04897978791758009,0.10129279561557883,0.020114461003662813,9.381064898598574,37.403999999999996,0.973397758022715,0.2510528287789266,0.5510882398332263,0.14142135623730948,0.1414213562373095,2,"goal_failure,stuck"
small-dataset-maps-0-47-door-width-1f1-5,1,door-width,failure,0.061571237571460075,0.0677118858440886,0.10821431446795007,0.02737672966036095,9.155019451836418,35.748000000000005,0.9803255535915696,0.256417842525879,0.5711309429053323,0.14142135623730948,0.1414213562373095,1,goal_failure
small-dataset-maps-0-47-door-width-1f1-5,2,door-width,failure,0.052793897768883526,0.05792795373558429,0.12045344034563185,0.028434785135139144,9.217988336477994,38.304,0.9728684488209822,0.24095232688805346,0.6104935163716296,0.14142135623730945,0.1414213562373095,1,goal_failure
small-dataset-maps-door-size-0-5-1f1-6,0,door-width,failure,0.06371670053526915,0.0729098375079658,0.1497909511572345,0.03022075966264057,11.233495153448537,43.092,0.9783223136527638,0.26106707648149946,0.5893549545701486,0.14142135623730948,0.1414213562373095,1,goal_failure
small-dataset-maps-door-size-0-5-1f1-6,1,door-width,failure,0.060427503036419694,0.07728674420506042,0.18538210152129517,0.02724559412322455,11.790744445067395,51.228,0.9821779107232422,0.2304562855123594,0.5826192778096743,0.14142135623730945,0.1414213562373095,1,goal_failure
small-dataset-maps-door-size-0-5-1f1-6,2,door-width,failure,0.069731291175353,0.07704347966675967,0.15136794914164678,0.025967619834970018,11.811782946687773,50.256,0.9741295364444634,0.23526934107086175,0.5345774254098659,0.14142135623730945,0.1414213562373095,2,"goal_failure,stuck"
small-dataset-maps-door-size-0-5-1f2-1,0,door-width,failure,0.028107460372019537,0.03197512381442511,0.05216493065229045,0.008560761700981072,5.218807882587267,18.576,0.9864845131178214,0.2814138002625567,0.4905481574740098,0.1414213562373095,0.1414213562373095,2,"goal_failure,ml_anomaly"
small-dataset-maps-door-size-0-5-1f2-1,1,door-width,success,0.05355338084613737,0.05761712954616255,0.0976070555691141,0.02371799751871067,18.582354108320416,197.067,0.9512502957671437,0.09441819162366262,0.4255204674057249,0.14142135623730948,0.1414213562373095,1,stuck
small-dataset-maps-door-size-0-5-1f2-1,2,door-width,success,0.038286117227662536,0.0473112296826966,0.14817307968360444,0.02839197838908615,15.947979809506172,145.584,0.9298761102603554,0.10967092066362996,0.46860082400549935,0.14142135623730948,0.1414213562373095,1,stuck
small-dataset-maps-door-size-0-5-1f2-2,0,door-width,success,0.06378300632101495,0.07571406713542361,0.18840648305129246,0.02265520552651573,10.523234837455469,44.208000000000006,0.9757303020209922,0.23843506183712043,0.5245537339581817,0.14142135623730945,0.1414213562373095,0,none
small-dataset-maps-door-size-0-5-1f2-2,1,door-width,success,0.07006024113384635,0.07866735162410056,0.15961624928934973,0.026856820225665573,11.508238730877743,55.944,0.962860968208517,0.2060246707023392,0.5892886432455228,0.14142135623730948,0.1414213562373095,0,none
small-dataset-maps-door-size-0-5-1f2-2,2,door-width,success,0.06276952378343977,0.07731628102235617,0.19019884924540026,0.020060256380970892,10.853147313634581,51.189,0.9721205781483852,0.21224228637823608,0.48178895104164404,0.14142135623730948,0.1414213562373095,0,none
small-dataset-maps-door-size-0-5-1f2-3,0,door-width,success,0.06676063740907495,0.07518883029588831,0.23198626480742035,0.03077591757099966,14.699896858680301,168.15599999999998,0.9294771945084748,0.08751906185762288,0.3150126799119249,0.14142135623730945,0.1414213562373095,1,stuck
small-dataset-maps-door-size-0-5-1f2-3,1,door-width,success,0.097550564018952,0.10805401983533618,0.21715153184428054,0.0379545697197053,13.16190469726738,73.22399999999999,0.9590762642770676,0.1799906002001403,0.4682373425806411,0.14142135623730948,0.1414213562373095,0,none
small-dataset-maps-door-size-0-5-1f2-3,2,door-width,incomplete,0.08633861328892908,0.09364052453150144,0.3103468956170715,0.037246374656403944,17.382600752091136,214.995,0.9189580290164648,0.08092254244365708,0.3315124976755757,0.14142135623730948,0.1414213562373095,2,"stuck,ml_anomaly"
small-dataset-maps-door-size-0-5-1f2-4,0,door-width,failure,0.04172419679300352,0.046980714266939665,0.09389537545369607,0.02961755777979986,7.544727023746351,81.57600000000001,0.9380887892589327,0.09262644706956294,0.3999810115671404,0.14142135623730945,0.1414213562373095,2,"goal_failure,stuck"
small-dataset-maps-door-size-0-5-1f2-4,1,door-width,failure,0.043773124427295314,0.04667413133719182,0.06781783666687018,0.022962525767435914,4.960109614607873,55.404,0.9300292071058309,0.08960053537439218,0.49805953751049875,0.14142135623730945,0.1414213562373095,1,goal_failure
small-dataset-maps-door-size-0-5-1f2-4,2,door-width,failure,0.04413776051775493,0.04669768456386758,0.08681044113010206,0.027825001896186453,7.619862317529002,66.492,0.9606044374657905,0.11478531148468242,0.493039441030164,0.14142135623730948,0.1414213562373095,1,goal_failure
small-dataset-maps-door-size-0-5-1f2-5,0,door-width,failure,0.0653860436240789,0.07519371112709132,0.10121286476712286,0.026931803418592422,2.419353279330465,21.273,0.9697065209921798,0.11392105764094275,0.5931287474966144,0.1414213562373095,0.1414213562373095,1,goal_failure
small-dataset-maps-door-size-0-5-1f2-5,1,door-width,failure,0.08063139545816354,0.09137991642990244,0.13507484013029683,0.03590397978395177,2.2902851365312835,21.528000000000002,0.950781452897962,0.10644632415827461,0.6456892212351175,0.1414213562373095,0.1414213562373095,1,goal_failure
small-dataset-maps-door-size-0-5-1f2-5,2,door-width,failure,0.07482486408802459,0.08533579783213716,0.16534441738593902,0.034798046053356096,2.5343189360453557,20.844,0.9086844061937497,0.1216556604541963,0.6679847038080404,0.14142135623730953,0.1414213562373095,1,goal_failure
small-dataset-maps-door-size-0-5-1f2-6,0,door-width,failure,0.03064242300040187,0.03177801214388897,0.04479201141824446,0.05854457662301185,0.44588761395911636,13.104000000000001,0.7298745305481028,0.03406381625925657,0.5063502332532958,0.1414213562373095,0.1414213562373095,1,goal_failure
small-dataset-maps-door-size-0-5-1f2-6,1,door-width,failure,0.03336152144729156,0.03463205890537457,0.052592194295149663,0.0276083567240228,0.4133994059423984,12.705000000000002,0.7982891733957947,0.032569602562647966,0.5108695586809753,0.1414213562373095,0.1414213562373095,1,goal_failure
small-dataset-maps-door-size-0-5-1f2-6,2,door-width,failure,0.026200811262423518,0.028915559747009482,0.07538298269885677,0.04452815716788655,0.44410164881361475,11.879999999999999,0.7212891107457599,0.03741668655283985,0.6189874637263841,0.14142135623730948,0.1414213562373095,1,goal_failure
small-dataset-maps-door-size-0-5-1f3-1,0,door-width,failure,0.6993207770959347,0.8160679170988815,1.5037443740343235,2.200879607131382,6.887345921220118,74.304,0.8428815207158462,0.09282175497667357,0.6327134742632259,0.14142135623730948,0.1414213562373095,5,"goal_failure,position_error_spike,stuck,high_yaw_error,ml_anomaly"
small-dataset-maps-door-size-0-5-1f3-1,1,door-width,failure,0.9159950513087142,1.7586727093698329,5.519299979064759,0.6487537509752066,14.110065388510412,36.215999999999994,0.5204679033560445,0.3899308575181284,1.3962663840189253,0.14142135623730948,0.1414213562373095,5,"goal_failure,position_error_spike,high_yaw_error,path_inefficiency,ml_anomaly"
small-dataset-maps-door-size-0-5-1f3-1,2,door-width,failure,3.4679669217725597,4.6857201703943465,7.496863204076161,1.5701688709814314,14.630480547144302,62.1,0.8402359088617838,0.23599515556874645,1.0012812181847195,0.14142135623730948,0.1414213562373095,5,"goal_failure,position_error_spike,stuck,high_yaw_error,ml_anomaly"
small-dataset-maps-door-size-0-5-1f3-2,0,door-width,failure,1.7772212152362048,2.2151927747072038,3.7272925443953295,0.7049102913643159,9.976532490922821,48.564,0.3720468674049578,0.20608677131356512,0.888030581600609,0.14142135623730948,0.1414213562373095,6,"goal_failure,position_error_spike,stuck,high_yaw_error,path_inefficiency,ml_anomaly"
small-dataset-maps-door-size-0-5-1f3-2,1,door-width,failure,0.7875032354590044,0.9871400705914785,1.5085636664150113,1.3507011970429097,6.821511175000235,34.92,0.5407850507250024,0.19542417524024053,0.960588043005048,0.14142135623730948,0.1414213562373095,5,"goal_failure,position_error_spike,high_yaw_error,path_inefficiency,ml_anomaly"
small-dataset-maps-door-size-0-5-1f3-2,2,door-width,failure,1.0459233602025242,1.2978152323250163,1.959257938572049,1.2814258109890948,8.463327050177877,40.212,0.43550451612472124,0.2107940375427651,0.9647589089459819,0.14142135623730948,0.1414213562373095,5,"goal_failure,position_error_spike,high_yaw_error,path_inefficiency,ml_anomaly"
small-dataset-maps-door-size-0-5-1f4-1,0,door-width,failure,0.04187384565394542,0.050261073377848575,0.07748524896987842,0.03178308882371879,1.497599384398901,138.456,0.8002718182642334,0.01082981347947762,0.1458538708305079,0.14142135623730953,0.1414213562373095,3,"goal_failure,stuck,ml_anomaly"
small-dataset-maps-door-size-0-5-1f4-1,1,door-width,failure,0.03620764592855328,0.04368685566175802,0.07211437366704093,0.02637784180142923,1.4952599529861175,145.548,0.8352402582001677,0.010282041566193816,0.13704174648373266,0.14142135623730953,0.1414213562373095,3,"goal_failure,stuck,ml_anomaly"
small-dataset-maps-door-size-0-5-1f4-1,2,door-width,failure,0.035243724158638044,0.04315005152319084,0.08167877114766793,0.041017614187683266,1.611968830445353,149.472,0.7667057533683042,0.010811227720914746,0.14394931430265176,0.14142135623730953,0.1414213562373095,3,"goal_failure,stuck,ml_anomaly"
small-dataset-maps-door-size-0-5-1f4-2,0,door-width,success,0.0439109198463721,0.04968144202450932,0.08494732233336436,0.021054898584713783,4.783926528482704,16.272,1.013452591579522,0.29424491228505145,0.5452711974168771,0.14142135623730953,0.1414213562373095,0,none
small-dataset-maps-door-size-0-5-1f4-2,1,door-width,failure,0.05139286688211893,0.05764273723609242,0.10161963882421568,0.008459918986196618,6.537026908245457,161.136,0.9592813571197448,0.04061096052279654,0.1716793865432754,0.14142135623730948,0.1414213562373095,2,"goal_failure,stuck"
small-dataset-maps-door-size-0-5-1f4-2,2,door-width,failure,0.05473397754148982,0.060782452015738855,0.11413501992803204,0.030000566189587567,6.483045470135411,162.0,0.9627485483153675,0.04005093427617196,0.15994651074784416,0.14142135623730948,0.1414213562373095,2,"goal_failure,stuck"
small-dataset-maps-door-size-0-5-1s1-1,0,door-width,success,0.06681392825606211,0.07359205010976624,0.13906508939424458,0.014433911442887911,18.5895613265285,102.45599999999999,0.9978505759988686,0.18164517964413152,0.38279383114716314,0.14142135623730948,0.1414213562373095,0,none
small-dataset-maps-door-size-0-5-1s1-1,1,door-width,success,0.06648241241903473,0.07273998407826092,0.12872720745896601,0.028765615468652552,16.52882063763843,64.26,1.0000468097852704,0.25753766215826246,0.44215946265328016,0.14142135623730948,0.1414213562373095,0,none
small-dataset-maps-door-size-0-5-1s1-1,2,door-width,success,0.06269526708431976,0.07236464714165819,0.14842572309322727,0.02646214600680812,16.26485329192137,66.52799999999999,1.0084958494136553,0.24476952206262606,0.4552682204166166,0.14142135623730948,0.1414213562373095,0,none
small-dataset-maps-door-size-0-5-1s1-10,0,door-width,failure,0.06038566229767144,0.06397263965932698,0.0921948046590239,0.024776199847643548,7.735051315243818,94.89599999999999,0.9311988029186642,0.08163040053842692,0.4101973242689933,0.14142135623730945,0.1414213562373095,2,"goal_failure,stuck"
small-dataset-maps-door-size-0-5-1s1-10,1,door-width,failure,0.05684287474284003,0.061678058640984725,0.10173394449570569,0.024311899849546546,9.07704772360259,68.04,0.9660651940452121,0.13362756032828046,0.5147747186161433,0.14142135623730948,0.1414213562373095,1,goal_failure
small-dataset-maps-door-size-0-5-1s1-10,2,door-width,failure,0.0623065329983003,0.07022839023366617,0.12686498488010275,0.022073464757131827,7.216810300787938,59.79600000000001,0.9603937448142448,0.120871420259106,0.5909520544189236,0.14142135623730945,0.1414213562373095,1,goal_failure
small-dataset-maps-door-size-0-5-1s1-2,0,door-width,failure,0.08308056219914974,0.09192407344437062,0.13231536363582302,0.022874118669200253,3.808354487636614,30.6,0.9567313707027568,0.12460266615772127,0.5781415685876372,0.14142135623730945,0.1414213562373095,1,goal_failure
small-dataset-maps-door-size-0-5-1s1-2,1,door-width,failure,0.08204044180751571,0.09311546034084818,0.14934536426230435,0.020911234560419177,4.585873625336246,36.9,0.9274113403126159,0.12441558352920505,0.5681104462921825,0.14142135623730945,0.1414213562373095,1,goal_failure
small-dataset-maps-door-size-0-5-1s1-2,2,door-width,failure,0.11521473699487499,0.1312312811115812,0.18891803172517393,0.022178992339280987,3.4828254793505766,25.020000000000003,0.9822353664943317,0.13938403046664272,0.5791164529875191,0.14142135623730953,0.1414213562373095,1,goal_failure
small-dataset-maps-door-size-0-5-1s1-3,0,door-width,failure,0.049839303128574104,0.05793835250760973,0.12324616486587622,0.025542131751897238,14.072340208254793,191.412,0.9424397731230914,0.07356975029357925,0.3111383861372116,0.14142135623730945,0.1414213562373095,2,"goal_failure,stuck"
small-dataset-maps-door-size-0-5-1s1-3,1,door-width,failure,0.04380014629695205,0.051493988202328055,0.10644126478713807,0.026843610915916558,7.391910789264918,59.724,0.9616921838384963,0.12393162889399781,0.49715619495829294,0.14142135623730948,0.1414213562373095,1,goal_failure
small-dataset-maps-door-size-0-5-1s1-3,2,door-width,success,0.05871931169387026,0.061610991539178483,0.10581188083352046,0.018622844440928293,12.984888725174516,103.32000000000001,0.9857132749213785,0.125841007905752,0.37578124534050894,0.14142135623730945,0.1414213562373095,1,stuck
small-dataset-maps-door-size-0-5-1s1-4,0,door-width,failure,0.05989213470634343,0.06542798996819131,0.10454795699877374,0.019602882278491218,19.13736235455801,112.428,0.9880951310180953,0.1704454793807359,0.4177180776006491,0.14142135623730945,0.1414213562373095,2,"goal_failure,stuck"
small-dataset-maps-door-size-0-5-1s1-4,1,door-width,success,0.05482703682780172,0.06000940419715713,0.10693813888858503,0.01998355783802383,22.371391646147078,136.764,0.9869811763833637,0.16374895184555302,0.45268490255694277,0.14142135623730948,0.1414213562373095,1,stuck
small-dataset-maps-door-size-0-5-1s1-4,2,door-width,failure,0.06257354568976328,0.06751365725550924,0.13580301323923838,0.02527871460678382,19.857828372541427,118.476,0.9760887514250528,0.16775733546148033,0.46707273811040706,0.14142135623730948,0.1414213562373095,2,"goal_failure,stuck"
small-dataset-maps-door-size-0-5-1s1-5,0,door-width,success,0.046785343398591604,0.0549710798225791,0.12533456219400382,0.022158219300258453,13.193205530382635,56.124,0.9866403413812687,0.23554883288784695,0.547901126673243,0.14142135623730948,0.1414213562373095,0,none
small-dataset-maps-door-size-0-5-1s1-5,1,door-width,success,0.0484803165625782,0.05734056171386266,0.13731467981631412,0.03091443590587571,12.996518446338726,59.4,1.0049206206849144,0.2191043166545491,0.5485306859563819,0.14142135623730945,0.1414213562373095,0,none
small-dataset-maps-door-size-0-5-1s1-5,2,door-width,success,0.03642295430840412,0.046031918634986936,0.12123417947481377,0.03086605166221571,13.460429386982993,91.656,0.9851038680822467,0.14707281478949685,0.3851580840919027,0.14142135623730945,0.1414213562373095,1,stuck
small-dataset-maps-door-size-0-5-1s1-6,0,door-width,failure,0.04959033819168711,0.05574977698491732,0.13097664973757991,0.02008107036880086,11.277045195429231,98.676,0.9600600476690264,0.1144121282895835,0.4102911643032518,0.14142135623730945,0.1414213562373095,2,"goal_failure,stuck"
small-dataset-maps-door-size-0-5-1s1-6,1,door-width,failure,0.048479124420662344,0.0592295444812172,0.11949146615539319,0.02582147270851859,11.039520481165196,95.976,0.9600717391325995,0.11518577461797709,0.40080745921059413,0.14142135623730948,0.1414213562373095,1,goal_failure
small-dataset-maps-door-size-0-5-1s1-6,2,door-width,failure,0.020133984000605037,0.025996457013772994,0.07937902531839737,0.017017321378645218,6.242337277203435,63.39600000000001,0.9539116028286199,0.09855257521628076,0.33721198680170805,0.1414213562373095,0.1414213562373095,1,goal_failure
small-dataset-maps-door-size-0-5-1s1-7,0,door-width,failure,0.04127467607288682,0.043334520498435405,0.0884074340307613,0.01746561719540793,12.003017021112845,121.86,0.9624342919661494,0.09863472489662073,0.3698094513974051,0.14142135623730945,0.1414213562373095,1,goal_failure
small-dataset-maps-door-size-0-5-1s1-7,1,door-width,failure,0.03656464389964838,0.03888330115061335,0.12092121320534269,0.03431048071546071,14.716598025101097,172.98,0.9656442348351636,0.08520185763637529,0.3503692625063896,0.14142135623730948,0.1414213562373095,2,"goal_failure,stuck"
small-dataset-maps-door-size-0-5-1s1-7,2,door-width,failure,0.033245416789795354,0.03953526518813104,0.10437523387651633,0.019917097525931127,10.327483924943857,111.636,0.981456832716402,0.09263411334079634,0.40501104880859307,0.14142135623730945,0.1414213562373095,1,goal_failure
small-dataset-maps-door-size-0-5-1s1-8,0,door-width,failure,0.07641944684599719,0.08581610312544778,0.18472839400510443,0.019018640605408046,17.35675349775637,134.38799999999998,0.9950725609701913,0.12928878860981305,0.34692715556677617,0.14142135623730945,0.1414213562373095,2,"goal_failure,stuck"
small-dataset-maps-door-size-0-5-1s1-8,1,door-width,failure,0.06597476241844613,0.07609482023736185,0.19261740158422339,0.016451588101807614,17.187878958608557,117.756,0.9916776422152539,0.1461532815191369,0.4331400854467972,0.14142135623730945,0.1414213562373095,2,"goal_failure,stuck"
small-dataset-maps-door-size-0-5-1s1-8,2,door-width,failure,0.08614544406096418,0.09144742006826154,0.1761331991768742,0.024942643651414253,16.991583256125644,100.8,0.9894929328564431,0.16872573997298676,0.458534989538389,0.14142135623730948,0.1414213562373095,1,goal_failure
small-dataset-maps-door-size-0-5-1s1-9,0,door-width,failure,0.039270431566937825,0.04137406198071519,0.08013668248913358,0.015308257504796231,14.406105907429335,137.52,0.975487202230259,0.10487828989086531,0.3882708554537819,0.14142135623730945,0.1414213562373095,2,"goal_failure,stuck"
small-dataset-maps-door-size-0-5-1s1-9,1,door-width,failure,0.05942302104014831,0.06627007462836375,0.1234995069810354,0.020016130042120512,12.834393602607783,75.456,0.9686814628767234,0.1703249296417446,0.4912446298650295,0.14142135623730948,0.1414213562373095,1,goal_failure
small-dataset-maps-door-size-0-5-1s1-9,2,door-width,failure,0.05310058198241439,0.055876828261254126,0.13632860833092855,0.015352318292980961,14.168441403689531,113.832,0.9734233942665165,0.12464511230847304,0.39711585719773157,0.14142135623730945,0.1414213562373095,1,goal_failure
small-dataset-maps-door-size-0-5-1s2-1,0,door-width,success,0.06545921937835959,0.07359362167942217,0.18970014879845107,0.027874379756481726,21.467433184600708,190.18800000000002,0.9772285655050612,0.11302781925766756,0.4096887910909161,0.14142135623730945,0.1414213562373095,0,none
small-dataset-maps-door-size-0-5-1s2-1,1,door-width,success,0.053834582664021684,0.05973175144986606,0.10636311306894942,0.023145660662000092,24.910426089936955,195.879,0.982320709121473,0.12734229052448623,0.41082268359548085,0.14142135623730948,0.1414213562373095,0,none
small-dataset-maps-door-size-0-5-1s2-1,2,door-width,success,0.05749649054917708,0.062055137811398674,0.1327817375629734,0.019241190846535843,17.667826386053726,102.816,0.9960949326162878,0.1720315555405759,0.4194653594982338,0.14142135623730948,0.1414213562373095,0,none
small-dataset-maps-door-size-0-5-1s2-10,0,door-width,success,0.05911755471736524,0.07530886399871996,0.24171616906292034,0.03298113191969338,22.17746717144086,97.164,0.9678489696695843,0.22851414913526158,0.6112199678784318,0.14142135623730948,0.1414213562373095,0,none
small-dataset-maps-door-size-0-5-1s2-10,1,door-width,success,0.056427259120422214,0.06684025449176267,0.18113355043113086,0.029934003767236064,21.069765211982364,91.656,0.9813123078421011,0.23019133578708884,0.6495297747601232,0.14142135623730948,0.1414213562373095,0,none
small-dataset-maps-door-size-0-5-1s2-10,2,door-width,success,0.06077113360620402,0.06955137355123285,0.13973328004341934,0.030780578141410338,22.33630779438317,93.096,0.976050504669825,0.240190951234713,0.6829174607300172,0.14142135623730945,0.1414213562373095,0,none
small-dataset-maps-door-size-0-5-1s2-11,0,door-width,success,0.054163876218993344,0.06482057617356689,0.15976051280774736,0.024238995817909715,30.123621031844102,141.732,0.9678666651866736,0.21279290135414802,0.6322359691160285,0.14142135623730945,0.1414213562373095,0,none
small-dataset-maps-door-size-0-5-1s2-11,1,door-width,success,0.05524976208828023,0.07285866461485303,0.1925395488923487,0.025738485317703678,30.15091472773803,139.5,0.9830025993933688,0.21645863400764617,0.631346295387986,0.14142135623730948,0.1414213562373095,0,none
small-dataset-maps-door-size-0-5-1s2-11,2,door-width,success,0.049287087709354235,0.06467785944980148,0.16716022994848906,0.020339004576799997,30.50998556287395,151.272,0.9867409767244498,0.20195526435248998,0.5418549008517911,0.14142135623730945,0.1414213562373095,0,none
small-dataset-maps-door-size-0-5-1s2-12,0,door-width,success,0.04764004012237994,0.05442786660355936,0.11070218996765914,0.01884300987644825,21.924647469118096,94.64399999999999,0.9818204453696279,0.23187016237361166,0.4697773670283663,0.14142135623730948,0.1414213562373095,0,none
small-dataset-maps-door-size-0-5-1s2-12,1,door-width,success,0.03980798279833172,0.0432174090138366,0.08598208507718923,0.024204221337902804,21.825494242234495,99.435,0.9856345953525005,0.21982792718483804,0.4636953750354138,0.14142135623730948,0.1414213562373095,0,none
small-dataset-maps-door-size-0-5-1s2-12,2,door-width,success,0.054344788767570186,0.059610940209476486,0.11977729068886867,0.03551429945770543,21.982871675609474,125.496,0.9815390632042782,0.17536620332256264,0.42538205725005046,0.14142135623730948,0.1414213562373095,1,stuck
small-dataset-maps-door-size-0-5-1s2-13,0,door-width,failure,0.05343451166171446,0.05873476272806295,0.12735891018273382,0.0329229300166743,14.779119974571909,94.28399999999999,0.9658756638798094,0.15690497176208934,0.3952075347162783,0.14142135623730945,0.1414213562373095,1,goal_failure
small-dataset-maps-door-size-0-5-1s2-13,1,door-width,success,0.05419255862670889,0.06337838843304096,0.20933050278408263,0.02010570565758227,33.85798011971777,215.532,0.9900219614912446,0.15722133482490397,0.33651737279442634,0.14142135623730948,0.1414213562373095,1,stuck
small-dataset-maps-door-size-0-5-1s2-13,2,door-width,success,0.062948703006901,0.07931454197562163,0.27619846313997026,0.018973924005989656,30.872283138085475,108.108,0.9931219811157983,0.28586898996456866,0.4345056448243819,0.14142135623730948,0.1414213562373095,0,none
small-dataset-maps-door-size-0-5-1s2-14,0,door-width,success,0.08383088238648927,0.0972474753128237,0.1900869215086885,0.017745638024461566,20.873512347082432,99.83099999999999,0.9809823252888086,0.2092679602271341,0.467474244968908,0.14142135623730948,0.1414213562373095,0,none
small-dataset-maps-door-size-0-5-1s2-14,1,door-width,success,0.08052797971363543,0.10198665336535559,0.27710941824833263,0.02410329132121912,21.222460027418578,82.80000000000001,0.976349944112311,0.25667173896076145,0.5489142801362847,0.14142135623730948,0.1414213562373095,0,none
small-dataset-maps-door-size-0-5-1s2-14,2,door-width,success,0.06773948614473696,0.0851529597659752,0.24395412107744893,0.019635163998931622,20.951625896324256,81.25200000000001,0.9905890848373348,0.25829035406693635,0.468217344972959,0.14142135623730948,0.1414213562373095,0,none
small-dataset-maps-door-size-0-5-1s2-2,0,door-width,success,0.024627851950694186,0.030979263854343495,0.09372323905292422,0.022986767963148826,12.40758378759466,87.516,0.9956948986888339,0.14191736077590125,0.37862774841617275,0.14142135623730948,0.1414213562373095,0,none
small-dataset-maps-door-size-0-5-1s2-2,1,door-width,failure,0.03286724046540572,0.03671802536228148,0.11129418485289755,0.02478390405424182,11.730605466806683,124.488,0.9595269466711848,0.0943408501883274,0.38551478350887575,0.14142135623730948,0.1414213562373095,2,"goal_failure,stuck"
small-dataset-maps-door-size-0-5-1s2-2,2,door-width,failure,0.02954144733807846,0.03519080890006125,0.106129019122752,0.025711880225176342,11.3025312290175,161.676,0.956172846490285,0.06998214289773395,0.30689040818996693,0.14142135623730945,0.1414213562373095,2,"goal_failure,stuck"
small-dataset-maps-door-size-0-5-1s2-3,0,door-width,failure,0.02090181976793677,0.024271923639794378,0.06976028098596584,0.022774812982310925,0.45504185292949095,12.708,0.7148382911088864,0.03581046266106768,0.6485165620730938,0.14142135623730948,0.1414213562373095,1,goal_failure
small-dataset-maps-door-size-0-5-1s2-3,1,door-width,incomplete,0.016239140472020897,0.01835989348945421,0.04156781164413659,0.04926096779341555,0.4091926108818146,12.851999999999999,0.8108544638056521,0.03186805912520932,0.5158530479508909,0.14142135623730948,0.1414213562373095,0,none
small-dataset-maps-door-size-0-5-1s2-3,2,door-width,failure,0.011725332967104011,0.013175992184993105,0.02633766307605573,0.029164349521980413,0.4611144127557781,12.636,0.6903672077272387,0.036539102238205064,0.5035513526184858,0.14142135623730948,0.1414213562373095,2,"goal_failure,ml_anomaly"
small-dataset-maps-door-size-0-5-1s2-4,0,door-width,failure,0.01722700751202569,0.018566992848908986,0.04231746805058194,0.039439163265554335,0.4857081267576333,12.999,0.6493817657375727,0.03738205146377937,0.5055610548639881,0.14142135623730948,0.1414213562373095,1,goal_failure
small-dataset-maps-door-size-0-5-1s2-4,1,door-width,failure,0.03326069742881549,0.03470568326619618,0.04396379450744331,0.0471572428013592,0.43191936030123323,11.735999999999999,0.7399086875793474,0.03685798756489016,0.6311168949377085,0.14142135623730948,0.1414213562373095,1,goal_failure
small-dataset-maps-door-size-0-5-1s2-4,2,door-width,failure,0.02960083313943059,0.030304843110003945,0.035401063215018264,0.04428488241589391,0.43590034672706013,12.095999999999998,0.7620221347559035,0.03605883285039267,0.4460268588530439,0.14142135623730948,0.1414213562373095,1,goal_failure
small-dataset-maps-door-size-0-5-1s2-5,0,door-width,success,0.05013253199007951,0.05703705658333795,0.15656434866722582,0.025752616020573257,22.383176411909293,133.956,0.9670041416119539,0.16726146169745307,0.5007721501574152,0.14142135623730948,0.1414213562373095,0,none
small-dataset-maps-door-size-0-5-1s2-5,1,door-width,failure,0.04292907383880467,0.04554336014672387,0.13439488257246923,0.0232240373888955,15.46871059470428,187.344,0.9532884035296967,0.08267483685192792,0.38630802473571524,0.14142135623730948,0.1414213562373095,2,"goal_failure,stuck"
small-dataset-maps-door-size-0-5-1s2-5,2,door-width,success,0.06062970927109816,0.06877487068445656,0.20257862090542508,0.03686474700650584,20.829124118505657,124.23599999999999,0.9643309432819146,0.1678679914565922,0.46137304548914065,0.14142135623730948,0.1414213562373095,1,stuck
small-dataset-maps-door-size-0-5-1s2-6,0,door-width,failure,0.16984102505574383,0.1912259391193318,0.27055194080440187,0.04993903336002937,4.394992036946698,34.056,0.9848936933919302,0.12916471633668175,0.574185999484239,0.14142135623730948,0.1414213562373095,2,"goal_failure,ml_anomaly"
small-dataset-maps-door-size-0-5-1s2-6,1,door-width,failure,0.12809096910748533,0.1542356363745692,0.2339521966519913,0.040183770199688634,4.038438015581443,28.692,0.9612160666375457,0.14087817400832078,0.6331243952160046,0.14142135623730948,0.1414213562373095,1,goal_failure
small-dataset-maps-door-size-0-5-1s2-6,2,door-width,failure,0.10932715396630739,0.12287870128913657,0.19559009757465612,0.037503990805606534,4.780995593041849,37.512,0.9334766417210072,0.127627401761425,0.6264258676895922,0.14142135623730948,0.1414213562373095,1,goal_failure
small-dataset-maps-door-size-0-5-1s2-7,0,door-width,failure,0.013480374435363051,0.01619238114253474,0.03276514234108477,0.042226377556037954,0.6057889408363557,15.840000000000002,0.8065944430409513,0.038273164864389225,0.519973881310736,0.14142135623730953,0.1414213562373095,1,goal_failure
small-dataset-maps-door-size-0-5-1s2-7,1,door-width,failure,0.028915325873090692,0.029961035083487114,0.04530716556226105,0.047230762338996174,0.41394382724417755,11.771999999999998,0.761087144969675,0.03522050988084118,0.5781473694599991,0.14142135623730948,0.1414213562373095,1,goal_failure
small-dataset-maps-door-size-0-5-1s2-7,2,door-width,failure,0.03900387704946631,0.040270421779230216,0.04472379877929807,0.04063251345159843,0.4229162684742215,11.556000000000001,0.7590491649887169,0.03658581530677975,0.627705454446132,0.14142135623730948,0.1414213562373095,1,goal_failure
small-dataset-maps-door-size-0-5-1s2-8,0,door-width,failure,0.07421564253336575,0.080543981713252,0.221571887748008,0.029949154432660895,18.88844856047777,171.144,0.9625010660920251,0.11051453299399867,0.3997457602772949,0.14142135623730948,0.1414213562373095,2,"goal_failure,stuck"
small-dataset-maps-door-size-0-5-1s2-8,1,door-width,success,0.06854194717075605,0.0738866415653612,0.19948453145774536,0.020399022825452102,23.767877892631205,191.052,0.9755373847795846,0.1245388150071813,0.3766822435168488,0.14142135623730948,0.1414213562373095,1,stuck
small-dataset-maps-door-size-0-5-1s2-8,2,door-width,success,0.07873273064162714,0.0855480069167965,0.20725857889471527,0.017991163569442043,24.54081855377756,169.92000000000002,0.9840689290399746,0.14459952123026681,0.35829116271102324,0.14142135623730945,0.1414213562373095,1,stuck
small-dataset-maps-door-size-0-5-1s2-9,0,door-width,success,0.06860631446747192,0.08172899672937373,0.18103037990864657,0.03051565658359918,27.369362608617195,135.792,0.9904956730542909,0.20184195215887082,0.5153626745621138,0.14142135623730948,0.1414213562373095,0,none
small-dataset-maps-door-size-0-5-1s2-9,1,door-width,success,0.054052710367737254,0.06615001410432773,0.1678557723754333,0.026155385947903412,27.244331827320224,137.088,0.9900865454429362,0.19895239351631577,0.4875845739736545,0.14142135623730948,0.1414213562373095,0,none
small-dataset-maps-door-size-0-5-1s2-9,2,door-width,success,0.049682361553101226,0.061415943164368506,0.1692643842932092,0.018656551870311913,27.123654828550876,142.308,0.990630121956862,0.190841542143792,0.5182806441235637,0.14142135623730948,0.1414213562373095,0,none
small-dataset-maps-hallway-window-0-2-2f1-1,0,hallway-window,failure,0.03388817782214642,0.03675981020007925,0.05862870485933461,0.03741111262808849,0.48890104286781844,12.096,0.6648146764028667,0.040437156611021256,0.515128318356473,0.14142135623730948,0.1414213562373095,1,goal_failure
small-dataset-maps-hallway-window-0-2-2f1-1,1,hallway-window,failure,0.015206942723584986,0.016173653435740586,0.04332843198867403,0.03411362745386077,0.4608254507968368,13.176,0.7183457444426944,0.03498744871388739,0.562960156054577,0.14142135623730948,0.1414213562373095,2,"goal_failure,stuck"
small-dataset-maps-hallway-window-0-2-2f1-1,2,hallway-window,failure,0.02428550335903295,0.026324585885544753,0.055270333488284376,0.04942969955596535,0.45679499143746605,12.924000000000001,0.7116329364045797,0.035353088190192596,0.4868724492769985,0.14142135623730948,0.1414213562373095,1,goal_failure
small-dataset-maps-hallway-window-0-2-2f1-2,0,hallway-window,failure,0.05729365677909092,0.05962453217051886,0.06804342343160356,0.04683265890466809,0.47766568061037207,13.392000000000001,0.6705153769137373,0.03565612564690115,0.4934609921087594,0.14142135623730948,0.1414213562373095,2,"goal_failure,ml_anomaly"
small-dataset-maps-hallway-window-0-2-2f1-2,1,hallway-window,failure,0.012551083987336351,0.01353404851167834,0.0420918092711041,0.03524495756864921,0.41184585584064304,12.203999999999997,0.7935265302570681,0.033788581987574715,0.5128259731911817,0.14142135623730948,0.1414213562373095,1,goal_failure
small-dataset-maps-hallway-window-0-2-2f1-2,2,hallway-window,failure,0.022431631770544826,0.02416957075982378,0.05049243703716709,0.05327394798239421,0.42090180815123157,13.178999999999998,0.7748006495962657,0.03198712662427551,0.5844094127887174,0.14142135623730948,0.1414213562373095,1,goal_failure
small-dataset-maps-hallway-window-0-2-2f1-3,0,hallway-window,failure,0.0264361147545611,0.02869959795320992,0.06201826472801986,0.04578482730781235,0.46985390658992304,13.14,0.6792248440118561,0.03592839936429009,0.5968563254713121,0.14142135623730948,0.1414213562373095,1,goal_failure
small-dataset-maps-hallway-window-0-2-2f1-3,1,hallway-window,failure,0.026062955846233846,0.02796933224160496,0.04653996748051614,0.04204105407021657,0.42537930448501327,12.996,0.7413858681788917,0.032759879605480664,0.5036926700650769,0.14142135623730948,0.1414213562373095,2,"goal_failure,stuck"
small-dataset-maps-hallway-window-0-2-2f1-3,2,hallway-window,failure,0.02004275050956744,0.020798792874456587,0.029343612348657032,0.0452064902036353,0.4216807338372517,11.772,0.7726014992911773,0.03583070818449027,0.6522815419209739,0.14142135623730948,0.1414213562373095,1,goal_failure
small-dataset-maps-hallway-window-0-2-2f1-4,0,hallway-window,failure,0.08489919248732877,0.09556274000790071,0.22702814162698579,0.01991869205549275,9.708152355779271,48.42,0.962055476787437,0.20064687219326652,0.5281337045723933,0.14142135623730948,0.1414213562373095,1,goal_failure
small-dataset-maps-hallway-window-0-2-2f1-4,1,hallway-window,failure,0.07942900795075926,0.09134867702586538,0.24262633077424253,0.021042476487886846,9.291689539544793,44.28,0.9537831939469327,0.20995442026325842,0.5497905408845934,0.14142135623730948,0.1414213562373095,2,"goal_failure,stuck"
small-dataset-maps-hallway-window-0-2-2f1-4,2,hallway-window,failure,0.09134311552885965,0.10428866008344193,0.2501137133530515,0.024413799804669303,8.60851374124657,40.608000000000004,0.9545552546703246,0.21222452445619847,0.5950584193119928,0.14142135623730945,0.1414213562373095,1,goal_failure
small-dataset-maps-hallway-window-0-2-2f1-5,0,hallway-window,failure,0.03342495889560898,0.03550865359597916,0.06483603054790585,0.02635324043753348,0.42537797221596496,11.844,0.7687963429554115,0.03598748342649507,0.5677638354142042,0.14142135623730948,0.1414213562373095,1,goal_failure
small-dataset-maps-hallway-window-0-2-2f1-5,1,hallway-window,failure,0.013593371178113423,0.014596702610444417,0.038086137832518525,0.029672654717385595,0.4276836288818172,13.32,0.7475393496765866,0.03215186371167856,0.6009116255469806,0.14142135623730948,0.1414213562373095,2,"goal_failure,stuck"
small-dataset-maps-hallway-window-0-2-2f1-5,2,hallway-window,failure,0.02846361993823698,0.029748541421722566,0.0341993489938421,0.034755484049092254,0.4119076409080199,12.096,0.7815669969689217,0.03409896616461211,0.5714701293703398,0.14142135623730948,0.1414213562373095,1,goal_failure
small-dataset-maps-hallway-window-0-2-2f2-1,0,hallway-window,failure,0.04792314329006383,0.05418256478356548,0.09998306739888554,0.03322744117493761,3.230179392692915,21.996,0.9569762967652161,0.14706310544710327,0.5626742029267691,0.14142135623730953,0.1414213562373095,1,goal_failure
small-dataset-maps-hallway-window-0-2-2f2-1,1,hallway-window,failure,0.05674587499243232,0.06312965034019467,0.11254054427640318,0.03262571041840311,3.9228258825543745,25.236,0.9639392808338538,0.15553411633064212,0.5368310906073145,0.1414213562373095,0.1414213562373095,2,"goal_failure,stuck"
small-dataset-maps-hallway-window-0-2-2f2-1,2,hallway-window,failure,0.08606569377451051,0.09670474107756254,0.16358795310414626,0.03008100037740254,4.0728191926474056,24.584999999999997,0.9592654935327292,0.1658760448050598,0.5232327072290621,0.1414213562373095,0.1414213562373095,1,goal_failure
small-dataset-maps-hallway-window-0-2-2f2-2,0,hallway-window,failure,0.0501202108320758,0.05362204369566082,0.06980230180954479,0.037076332747071825,2.4468357429321594,20.124000000000002,0.9391418744510884,0.12171896426611291,0.6506621472158298,0.1414213562373095,0.1414213562373095,1,goal_failure
small-dataset-maps-hallway-window-0-2-2f2-2,1,hallway-window,failure,0.04228873371597319,0.04603907525233842,0.06724364353838191,0.0395962358622035,2.673373598770079,23.394,0.9263624358876138,0.11454535195482764,0.5064319315708835,0.14142135623730953,0.1414213562373095,2,"goal_failure,stuck"
small-dataset-maps-hallway-window-0-2-2f2-2,2,hallway-window,failure,0.060485490174439036,0.0696941220860854,0.12859634223273814,0.029312792861662912,2.554976883225021,23.546999999999997,0.9509985372787885,0.10859464510910713,0.608097277605886,0.14142135623730953,0.1414213562373095,2,"goal_failure,stuck"
small-dataset-maps-hallway-window-0-2-2f3-1,0,hallway-window,success,0.15235248370851606,0.22988135492766634,0.8233497857221289,0.026766378665043278,49.34646193339027,182.376,0.9669674394266305,0.27084574995113436,0.46335428927729777,0.14142135623730945,0.1414213562373095,2,"stuck,ml_anomaly"
small-dataset-maps-hallway-window-0-2-2f3-1,1,hallway-window,success,0.1617362399630461,0.251436903475635,0.9418644378794304,0.022644683064700716,46.69053071751522,163.509,0.9874577193131397,0.28619113823507236,0.4599868900577224,0.14142135623730945,0.1414213562373095,3,"position_error_spike,stuck,ml_anomaly"
small-dataset-maps-hallway-window-0-2-2f3-1,2,hallway-window,success,0.1506703876340562,0.22018745169192208,0.8103030224526714,0.02723378874928866,45.908397867773935,145.656,0.9895036141610749,0.31562265769968634,0.5077963609308551,0.14142135623730945,0.1414213562373095,1,ml_anomaly
small-dataset-maps-hallway-window-0-2-2f3-2,0,hallway-window,success,0.1771871483765334,0.22840767929265413,0.7470220008504861,0.024411331572767685,46.16904309096194,144.318,1.0061460569219416,0.32032647866033226,0.43466587492111614,0.14142135623730948,0.1414213562373095,1,ml_anomaly
small-dataset-maps-hallway-window-0-2-2f3-2,1,hallway-window,success,0.1354237259081713,0.18344598196564632,0.69738760804071,0.025482454813317134,46.363776522930834,160.524,0.9952062745099588,0.28933725883416994,0.4629237877734463,0.14142135623730945,0.1414213562373095,1,ml_anomaly
small-dataset-maps-hallway-window-0-2-2f3-2,2,hallway-window,success,0.18329875109685248,0.2728142312167413,0.9881723521709388,0.025698924000361566,46.906436084650664,146.988,1.0032830896909282,0.3195154417407238,0.479182437029643,0.14142135623730945,0.1414213562373095,2,"position_error_spike,ml_anomaly"
small-dataset-maps-hallway-window-0-2-2f3-3,0,hallway-window,success,0.11017224995461483,0.15362800090726114,0.6760448803808898,0.029209875482389357,47.239147523717705,165.132,0.9864378383120722,0.28655367846935464,0.5161262253826168,0.14142135623730948,0.1414213562373095,2,"stuck,ml_anomaly"
small-dataset-maps-hallway-window-0-2-2f3-3,1,hallway-window,success,0.15790089273958188,0.22663768312521634,0.7663869867633819,0.023404225880501176,44.643733586732,128.808,1.0109795641178954,0.34805990428855726,0.6140851116411895,0.14142135623730945,0.1414213562373095,1,ml_anomaly
small-dataset-maps-hallway-window-0-2-2f3-3,2,hallway-window,success,0.13063926921544278,0.17784200692524868,0.6418708945423905,0.023983578975213516,46.24905426724282,127.51199999999999,0.9924130199277329,0.36329895830704256,0.6026125369515425,0.14142135623730948,0.1414213562373095,1,ml_anomaly
small-dataset-maps-hallway-window-0-2-2f3-4,0,hallway-window,failure,0.018230948231456066,0.02150818263901691,0.04925238365750766,0.030146681678301035,0.4434654707993724,11.484000000000002,0.7087990944418419,0.03864186959785381,0.5902076069680897,0.14142135623730948,0.1414213562373095,1,goal_failure
small-dataset-maps-hallway-window-0-2-2f3-4,1,hallway-window,failure,0.027601733493604563,0.028765312317328866,0.0602398783268839,0.03563825268697129,0.4317596204305124,11.883000000000001,0.7436827945624636,0.036412594725824275,0.6381845088523526,0.1414213562373095,0.1414213562373095,1,goal_failure
small-dataset-maps-hallway-window-0-2-2f3-4,2,hallway-window,failure,0.03133052516605287,0.0329649164009344,0.05854291863169255,0.057574257376273426,0.4590654938571636,13.104000000000001,0.7101078612009231,0.03509634217768071,0.6115628800760042,0.14142135623730948,0.1414213562373095,2,"goal_failure,stuck"
small-dataset-maps-hallway-window-0-2-2f3-5,0,hallway-window,success,0.22476666661418862,0.2985501552885881,0.7960113883029506,0.026595533769606765,33.23816492395683,78.11999999999999,1.009200424175327,0.4261012696697665,0.549892983915036,0.14142135623730948,0.1414213562373095,1,ml_anomaly
small-dataset-maps-hallway-window-0-2-2f3-5,1,hallway-window,success,0.2612107099732865,0.34820878735565214,0.9686498517838883,0.03260421026915656,33.78870764423852,78.44399999999999,0.9945905660420366,0.4311700823447735,0.5612946295670264,0.14142135623730948,0.1414213562373095,2,"position_error_spike,ml_anomaly"
small-dataset-maps-hallway-window-0-2-2f3-5,2,hallway-window,success,0.15164383671745768,0.17996768045304218,0.43044409615135804,0.028630101181369067,32.829207244192936,78.447,1.006652827888674,0.4191127335210407,0.5516204956359692,0.14142135623730948,0.1414213562373095,1,ml_anomaly
small-dataset-maps-hallway-window-0-2-2f3-6,0,hallway-window,success,0.21056033263320473,0.2511585723903635,0.6271025580771241,0.040749927758140445,33.22491413369523,77.112,1.007896642020008,0.431605510574431,0.5365615513575576,0.14142135623730948,0.1414213562373095,1,ml_anomaly
small-dataset-maps-hallway-window-0-2-2f3-6,1,hallway-window,failure,0.31958520064958246,0.42154440279716804,0.9908102184694492,0.03279380732925653,30.73188210321221,69.47999999999999,0.9856959015007491,0.44340889682516826,0.6406463706125727,0.14142135623730948,0.1414213562373095,3,"goal_failure,position_error_spike,ml_anomaly"
small-dataset-maps-hallway-window-0-2-2f3-6,2,hallway-window,success,0.1901180132789343,0.23677137507125248,0.5992067314358653,0.03245442747847342,33.39734993192191,76.464,0.9961832479106184,0.43765976074090784,0.5494931979447992,0.14142135623730948,0.1414213562373095,1,ml_anomaly
small-dataset-maps-hallway-window-0-2-2f4-1,0,hallway-window,failure,0.03763233587819509,0.043594777920796426,0.12315366974158505,0.02179262098549932,22.79158832709152,216.144,0.9750885211625162,0.10561649467805333,0.3578129748836383,0.14142135623730948,0.1414213562373095,2,"goal_failure,stuck"
small-dataset-maps-hallway-window-0-2-2f4-1,1,hallway-window,success,0.1054284920246389,0.14350420022624474,0.47135385721330736,0.022037721272720526,51.65248857092719,195.37199999999999,1.000085207957315,0.26480358772822316,0.45916172754716333,0.14142135623730948,0.1414213562373095,1,ml_anomaly
small-dataset-maps-hallway-window-0-2-2f4-1,2,hallway-window,success,0.11345953969984346,0.18945580017592292,0.7352145293773383,0.02397197659549916,49.32196301738467,183.24,1.0007497393834204,0.26970479890605387,0.43161769468370836,0.14142135623730948,0.1414213562373095,1,ml_anomaly
small-dataset-maps-hallway-window-0-2-2f4-2,0,hallway-window,failure,0.013208265726311737,0.014827369113801423,0.033868195967732564,0.05563412081865565,0.4428398802833875,13.175999999999998,0.7102210130101789,0.03359506808946425,0.5081406973807367,0.14142135623730948,0.1414213562373095,2,"goal_failure,stuck"
small-dataset-maps-hallway-window-0-2-2f4-2,1,hallway-window,failure,0.014496780142682311,0.015559711203679497,0.03363294462088254,0.05462250949536504,0.4196487973799431,13.029,0.7627988761921068,0.032229096484083036,0.5958351438583235,0.14142135623730948,0.1414213562373095,1,goal_failure
small-dataset-maps-hallway-window-0-2-2f4-2,2,hallway-window,failure,0.015355782079622873,0.016488361713750583,0.028033236394491824,0.039117628799325975,0.40251975311777516,12.707999999999998,0.795877935662853,0.031686550769758695,0.4612471990536029,0.14142135623730948,0.1414213562373095,1,goal_failure
small-dataset-maps-hallway-window-0-2-2f4-3,0,hallway-window,failure,0.026851857752405638,0.028284508136767035,0.0563361585663872,0.03745844655947871,0.42997859761051727,11.411999999999999,0.7291979587360492,0.03773137035978637,0.5497729679156552,0.14142135623730948,0.1414213562373095,1,goal_failure
small-dataset-maps-hallway-window-0-2-2f4-3,1,hallway-window,failure,0.02652725794273135,0.02790030394794162,0.04238622990324911,0.05008638330683735,0.4210149048869315,12.959999999999999,0.7734423908694228,0.032520427786223674,0.512769540703454,0.14142135623730948,0.1414213562373095,2,"goal_failure,stuck"
small-dataset-maps-hallway-window-0-2-2f4-3,2,hallway-window,failure,0.028658383834497626,0.029545892960021174,0.050061869643096314,0.03224301454807931,0.4305463102229662,12.996,0.741760114384456,0.03313045128961275,0.4545153300201805,0.14142135623730948,0.1414213562373095,1,goal_failure
small-dataset-maps-hallway-window-0-2-2s1-1,0,hallway-window,success,0.05887185784134794,0.06907788552933546,0.17170843899093202,0.023634371883544395,30.552047386411306,159.87599999999998,0.9870884116603742,0.19136444083017282,0.45526988085687214,0.14142135623730948,0.1414213562373095,1,stuck
small-dataset-maps-hallway-window-0-2-2s1-1,1,hallway-window,success,0.05513612869296141,0.06917734285188618,0.22769654093284702,0.025185972822501596,30.20017710854463,149.832,0.9884955709317331,0.2018112527472646,0.4379953804616763,0.14142135623730948,0.1414213562373095,1,stuck
small-dataset-maps-hallway-window-0-2-2s1-1,2,hallway-window,success,0.0646826509852716,0.0785084293246545,0.19278701743603718,0.02355746877682998,30.309057770204646,127.368,0.9936261096001049,0.23831631525690242,0.46513916053565796,0.14142135623730948,0.1414213562373095,0,none
small-dataset-maps-hallway-window-0-2-2s1-10,0,hallway-window,success,0.05416288927254287,0.06142386462881057,0.14273822759493937,0.022804509264092325,20.767029172969636,81.61200000000001,0.9952749360253786,0.25472223494593177,0.5178339296590209,0.14142135623730948,0.1414213562373095,0,none
small-dataset-maps-hallway-window-0-2-2s1-10,1,hallway-window,incomplete,0.05329619288368555,0.06175736907196595,0.11980295713672673,0.01597547805981419,21.21659847608924,114.228,0.9916484268751512,0.18602488933857922,0.5108532981879822,0.14142135623730948,0.1414213562373095,0,none
small-dataset-maps-hallway-window-0-2-2s1-10,2,hallway-window,success,0.050106353329354494,0.05832481337140324,0.12611488791842498,0.021774563587942136,21.14784727540212,86.07600000000001,0.9908630790861022,0.246041269646327,0.5271070442072516,0.14142135623730948,0.1414213562373095,0,none
small-dataset-maps-hallway-window-0-2-2s1-2,0,hallway-window,failure,0.04233053426133878,0.05092681384833457,0.12580046443158785,0.022865254170303436,26.219749930578377,222.804,0.9811634866619025,0.11781620017867123,0.39473114166474527,0.14142135623730948,0.1414213562373095,1,goal_failure
small-dataset-maps-hallway-window-0-2-2s1-2,1,hallway-window,success,0.0589239793448192,0.06628355150901744,0.14940592308134448,0.02574747076060698,29.110993426384447,177.876,0.9834331780580713,0.1638683368359178,0.426978453118801,0.14142135623730945,0.1414213562373095,1,stuck
small-dataset-maps-hallway-window-0-2-2s1-2,2,hallway-window,success,0.04027037211570489,0.04752358773447048,0.1496008466345947,0.02346026506084834,30.387413938923537,223.92,0.98629465863342,0.1358312276709721,0.38401525681932536,0.14142135623730945,0.1414213562373095,1,stuck
small-dataset-maps-hallway-window-0-2-2s1-3,0,hallway-window,success,0.06298124884897917,0.07028754744571998,0.1460971525352418,0.019004027745780035,22.093728839783132,85.428,0.9979729263308286,0.2588979482785243,0.4636828303180754,0.14142135623730948,0.1414213562373095,0,none
small-dataset-maps-hallway-window-0-2-2s1-3,1,hallway-window,success,0.07178252211092105,0.07870195128920413,0.13370032604734608,0.017830044319465336,22.24146736861887,89.244,0.996635856405882,0.24947022151836637,0.45781436116749485,0.14142135623730948,0.1414213562373095,0,none
small-dataset-maps-hallway-window-0-2-2s1-3,2,hallway-window,success,0.056355749449170524,0.06221056477370744,0.1362307597659678,0.01479552817708315,22.34437569439779,82.224,0.980235778331032,0.2720538077516029,0.5050853450748809,0.14142135623730948,0.1414213562373095,0,none
small-dataset-maps-hallway-window-0-2-2s1-4,0,hallway-window,success,0.06648681272759754,0.07360580160132671,0.11937123146523333,0.02304303899995192,25.031033074343377,115.812,0.987718875715473,0.21642757234057844,0.4654660477060369,0.14142135623730948,0.1414213562373095,0,none
small-dataset-maps-hallway-window-0-2-2s1-4,1,hallway-window,success,0.059384142182272164,0.06536904779555762,0.12192507770260332,0.028049856370546893,24.902547417892556,106.449,0.9854909201150546,0.2342021832304998,0.5103282705956019,0.14142135623730948,0.1414213562373095,0,none
small-dataset-maps-hallway-window-0-2-2s1-4,2,hallway-window,success,0.059336594662294705,0.06457778690548142,0.1249349358313766,0.02454881683931011,25.297353126600697,156.207,0.972643877104053,0.16216806101953557,0.43106941509472174,0.14142135623730948,0.1414213562373095,1,stuck
small-dataset-maps-hallway-window-0-2-2s1-5,0,hallway-window,success,0.04944911881312766,0.0603009218702486,0.14670443378168097,0.028733392763349068,14.721978602524455,68.76,0.984990072850635,0.2143819690076812,0.48053394247108205,0.14142135623730948,0.1414213562373095,0,none
small-dataset-maps-hallway-window-0-2-2s1-5,1,hallway-window,success,0.048396840936449984,0.052537083901613206,0.09890964109124212,0.0178585236533489,15.330691810360658,105.372,0.9828922925414776,0.14570684161886063,0.4147798246675964,0.14142135623730945,0.1414213562373095,0,none
small-dataset-maps-hallway-window-0-2-2s1-5,2,hallway-window,success,0.04693866759584457,0.05829370909343743,0.1396176128478283,0.02633610533366926,14.820614676175564,72.072,0.9837319783857724,0.20584812314138004,0.45278039273264914,0.14142135623730945,0.1414213562373095,0,none
small-dataset-maps-hallway-window-0-2-2s1-6,0,hallway-window,success,0.06916280584859022,0.07497552365861156,0.12687081733990296,0.02837308796221169,15.731130835463652,72.432,0.9932225379038732,0.21740149702135741,0.38291963476579566,0.14142135623730945,0.1414213562373095,0,none
small-dataset-maps-hallway-window-0-2-2s1-6,1,hallway-window,success,0.06981449530051066,0.07638649854427072,0.14932705673614294,0.021124099511278922,15.571119707943419,68.976,1.0031311965223744,0.22623579563981402,0.42737824050024076,0.14142135623730945,0.1414213562373095,0,none
small-dataset-maps-hallway-window-0-2-2s1-6,2,hallway-window,success,0.0865187833336378,0.09349791063364143,0.186539929562985,0.016616284056977668,15.809072274458853,91.476,0.9970675062336233,0.17297273238572297,0.4440800269827058,0.14142135623730945,0.1414213562373095,0,none
small-dataset-maps-hallway-window-0-2-2s1-7,0,hallway-window,success,0.05372722289823633,0.05770150676099976,0.12436125571283035,0.018504666815505583,13.01286336102204,98.28,0.9757152613677,0.132577148998234,0.3982057568516841,0.14142135623730945,0.1414213562373095,0,none
small-dataset-maps-hallway-window-0-2-2s1-7,1,hallway-window,success,0.06718382625595631,0.07143461121762845,0.11117402863025073,0.015866661634531595,11.41021676367093,61.34400000000001,0.9892408391235024,0.18629172154747212,0.44919129630401017,0.14142135623730945,0.1414213562373095,0,none
small-dataset-maps-hallway-window-0-2-2s1-7,2,hallway-window,success,0.050371509867621,0.0565641572968563,0.10818141223095283,0.023353818592746347,10.800414613715166,43.164,0.9907211647781184,0.2504957405570257,0.6127911539355613,0.14142135623730945,0.1414213562373095,0,none
small-dataset-maps-hallway-window-0-2-2s1-8,0,hallway-window,success,0.028407375111965137,0.034376724711565686,0.09856360024336912,0.036064884245320186,10.676075469421985,79.164,0.9878421306487435,0.13500623610487744,0.3786878784070542,0.14142135623730948,0.1414213562373095,1,stuck
small-dataset-maps-hallway-window-0-2-2s1-8,1,hallway-window,success,0.0326566145239642,0.03923293807202717,0.09833944795714501,0.024551989585969804,10.490775643439413,65.016,0.9938087586546204,0.16161796832013042,0.398459838625783,0.14142135623730945,0.1414213562373095,0,none
small-dataset-maps-hallway-window-0-2-2s1-8,2,hallway-window,success,0.04862978986453936,0.05539973611695327,0.10126638716055228,0.024629614115517322,10.599810575747824,48.996,0.9890739960719714,0.21659957742076452,0.5260532675068661,0.14142135623730945,0.1414213562373095,0,none
small-dataset-maps-hallway-window-0-2-2s1-9,0,hallway-window,success,0.031741673863646035,0.037912654097471896,0.08797706195944019,0.01656126230154344,11.14706491731874,54.936,0.9887193659667094,0.2031294787344702,0.5362836032762424,0.14142135623730948,0.1414213562373095,0,none
small-dataset-maps-hallway-window-0-2-2s1-9,1,hallway-window,success,0.04617939000668883,0.05689012421782142,0.13558957809847558,0.021590744057824865,11.564599957515815,67.968,0.9868330496554936,0.17035540192885776,0.49463442811218356,0.14142135623730945,0.1414213562373095,0,none
small-dataset-maps-hallway-window-0-2-2s1-9,2,hallway-window,success,0.040805000702024606,0.04807575507281693,0.1098539253666974,0.03008883036706373,11.192094797780074,51.333000000000006,0.9929720045168572,0.21828663041642618,0.5106673517617375,0.14142135623730945,0.1414213562373095,0,none
small-dataset-maps-hallway-window-0-2-2s2-1,0,hallway-window,success,0.06195979524870655,0.0665350255236101,0.11997917141353494,0.021809412824369143,17.020807823732245,75.492,0.9962813248830319,0.2256670978840684,0.3956281835440784,0.14142135623730945,0.1414213562373095,0,none
small-dataset-maps-hallway-window-0-2-2s2-1,1,hallway-window,success,0.07748464394000482,0.08248089497406423,0.12574585829466603,0.019506215524447482,18.789254409891445,146.55,0.9875776695593552,0.12838343314180028,0.2809713761110234,0.14142135623730945,0.1414213562373095,1,stuck
small-dataset-maps-hallway-window-0-2-2s2-1,2,hallway-window,success,0.06215792517150171,0.06597279979126795,0.14434597587845463,0.021425895567873835,17.287283439002373,99.036,0.9811802092298041,0.1747522438498798,0.3929018171408621,0.14142135623730945,0.1414213562373095,1,stuck
small-dataset-maps-hallway-window-0-2-2s2-10,0,hallway-window,failure,0.05239208788595101,0.06002504099254297,0.15555799401502673,0.032107133116335194,16.36989490351042,176.86800000000002,0.9664465020827588,0.0926730211951358,0.35263794232164447,0.14142135623730945,0.1414213562373095,2,"goal_failure,stuck"
small-dataset-maps-hallway-window-0-2-2s2-10,1,hallway-window,failure,0.0491643234508239,0.052913678865759727,0.10118909346710217,0.043782632597395676,15.35909138620628,185.50799999999998,0.9719167038252291,0.0829287723824782,0.37018347755418257,0.14142135623730948,0.1414213562373095,2,"goal_failure,stuck"
small-dataset-maps-hallway-window-0-2-2s2-10,2,hallway-window,failure,0.03771261805700889,0.043945873091061426,0.1524569723373853,0.027309597630815134,17.902464026973295,199.26000000000002,0.9602776454368213,0.08996981949633773,0.3232489140554221,0.14142135623730948,0.1414213562373095,2,"goal_failure,stuck"
small-dataset-maps-hallway-window-0-2-2s2-11,0,hallway-window,success,0.07130953550494873,0.07951914955438835,0.15999277305993326,0.030927822826677862,34.71672835239567,149.832,0.9907722750716936,0.2320215654725002,0.49528533318582313,0.14142135623730945,0.1414213562373095,0,none
small-dataset-maps-hallway-window-0-2-2s2-11,1,hallway-window,incomplete,0.0618931789897559,0.06742070494874755,0.2121932555791528,0.024630986147957667,33.43805830543813,203.289,0.9882170396299417,0.1647081666169047,0.46068655301256295,0.14142135623730948,0.1414213562373095,1,stuck
small-dataset-maps-hallway-window-0-2-2s2-11,2,hallway-window,success,0.06745152743462764,0.07318625997118215,0.17485528351776658,0.01672292011753578,36.89990051724557,185.472,0.9868093182799729,0.19920428661378178,0.44243399596166405,0.14142135623730945,0.1414213562373095,1,stuck
small-dataset-maps-hallway-window-0-2-2s2-12,0,hallway-window,failure,0.04393096590414141,0.045609118210505804,0.08703592181397068,0.014689800595770413,7.078339483281701,166.89600000000002,0.9417653867275498,0.04244866724366315,0.23723436406886855,0.14142135623730948,0.1414213562373095,2,"goal_failure,stuck"
small-dataset-maps-hallway-window-0-2-2s2-12,1,hallway-window,failure,0.05940436807573867,0.061123133176494794,0.13004744505609014,0.02282488042008949,7.217606681291328,177.048,0.9406186522830577,0.04080808635496411,0.2355071580346838,0.14142135623730945,0.1414213562373095,2,"goal_failure,stuck"
small-dataset-maps-hallway-window-0-2-2s2-12,2,hallway-window,failure,0.05025865956844068,0.05531914454216451,0.09879559542268901,0.0245274154752392,6.837068080533253,166.464,0.9446449116360253,0.04115615656471252,0.2354088732424101,0.14142135623730945,0.1414213562373095,2,"goal_failure,stuck"
small-dataset-maps-hallway-window-0-2-2s2-13,0,hallway-window,success,0.07739184024546139,0.08466172658538801,0.14389690445767375,0.024411549196036806,17.36980537052608,54.647999999999996,0.9833811552217986,0.31833522441625883,0.5588273289916641,0.14142135623730945,0.1414213562373095,0,none
small-dataset-maps-hallway-window-0-2-2s2-13,1,hallway-window,success,0.061472522718602464,0.06405568893692071,0.1056193207416969,0.015738831556996905,17.63967842291346,92.052,0.9789640098379228,0.19189172354593537,0.40393487531803346,0.14142135623730945,0.1414213562373095,1,stuck
small-dataset-maps-hallway-window-0-2-2s2-13,2,hallway-window,success,0.07033768756845371,0.07694387108876669,0.12821342397453855,0.018661114960160548,17.37027132511777,54.9,0.9880710622035863,0.31673685376841665,0.5432527362883369,0.14142135623730945,0.1414213562373095,0,none
small-dataset-maps-hallway-window-0-2-2s2-14,0,hallway-window,success,0.039427423950172936,0.04738498452289903,0.1331611630505303,0.015210066875503366,16.19371791815813,96.012,0.983431592837202,0.16883994737238292,0.4308684185263637,0.14142135623730948,0.1414213562373095,0,none
small-dataset-maps-hallway-window-0-2-2s2-14,1,hallway-window,failure,0.03311201443325222,0.03589090814919366,0.06275169100188627,0.037021720141662495,8.831624496527722,166.032,0.9503317990589457,0.053256094799918524,0.3464835028473747,0.14142135623730945,0.1414213562373095,2,"goal_failure,stuck"
small-dataset-maps-hallway-window-0-2-2s2-14,2,hallway-window,success,0.056457888093561254,0.06649973325391273,0.1489739729019755,0.019950067538980418,16.462895348632316,76.824,0.9954359275221596,0.2146134773955264,0.47216255566941673,0.14142135623730945,0.1414213562373095,0,none
small-dataset-maps-hallway-window-0-2-2s2-2,0,hallway-window,success,0.0547039090114022,0.06332619271745633,0.14209495180112983,0.025540327806043938,24.408077444404725,99.363,0.9981734779246672,0.2460024646536106,0.4736449522018777,0.14142135623730948,0.1414213562373095,0,none
small-dataset-maps-hallway-window-0-2-2s2-2,1,hallway-window,success,0.05881770130711538,0.06381291231245521,0.14626751144769815,0.03132689754422663,24.458636358897145,127.36800000000001,0.9966614997979755,0.1922520502140981,0.46564867989995706,0.14142135623730948,0.1414213562373095,1,stuck
small-dataset-maps-hallway-window-0-2-2s2-2,2,hallway-window,failure,0.04226321040636598,0.04691908659244845,0.13085574892570984,0.029205842551608643,14.819844371927866,196.2,0.9687861016056499,0.07564464455216575,0.3448739878880545,0.14142135623730945,0.1414213562373095,2,"goal_failure,stuck"
small-dataset-maps-hallway-window-0-2-2s2-3,0,hallway-window,failure,0.09161239568549331,0.10068119382343338,0.16380038658657947,0.02826943751886535,7.810056940130874,52.74,0.9454036229518552,0.14820602861584406,0.5803078825146329,0.14142135623730948,0.1414213562373095,1,goal_failure
small-dataset-maps-hallway-window-0-2-2s2-3,1,hallway-window,failure,0.061070655217864984,0.07045936657479827,0.16509913281649463,0.028151845559253007,3.5209276784633117,48.528,0.9098152390904075,0.07264010966896697,0.3627063465019768,0.14142135623730945,0.1414213562373095,2,"goal_failure,stuck"
small-dataset-maps-hallway-window-0-2-2s2-3,2,hallway-window,failure,0.08305304458095111,0.09127822768265653,0.15375190562355548,0.03942801054095311,3.805442516959035,29.304,0.9092300491726798,0.13004008775788511,0.5344962130961534,0.14142135623730948,0.1414213562373095,1,goal_failure
small-dataset-maps-hallway-window-0-2-2s2-4,0,hallway-window,failure,0.06129127111538859,0.06423156636849083,0.10210498585857436,0.023893492863494452,16.64471657955378,104.17500000000001,0.9413755701296865,0.15999633003101102,0.6293221047010429,0.14142135623730948,0.1414213562373095,1,goal_failure
small-dataset-maps-hallway-window-0-2-2s2-4,1,hallway-window,failure,0.05647869209252272,0.0636204102110461,0.1425165557078897,0.019570535083598285,13.339671849047651,77.07600000000001,0.9592204277752734,0.17331512288963086,0.6629778814244074,0.14142135623730948,0.1414213562373095,1,goal_failure
small-dataset-maps-hallway-window-0-2-2s2-4,2,hallway-window,failure,0.0665771771531142,0.0720816660895545,0.13069763855542077,0.020628583175865994,18.874611140179056,115.344,0.9518542870844582,0.1638356430176876,0.6422615189281934,0.14142135623730948,0.1414213562373095,1,goal_failure
small-dataset-maps-hallway-window-0-2-2s2-5,0,hallway-window,success,0.09062525224258108,0.1027220073919646,0.22924724216403883,0.027011656459502462,28.51637138018014,108.756,0.9779391457779071,0.26258373449032146,0.5899821347331727,0.14142135623730945,0.1414213562373095,0,none
small-dataset-maps-hallway-window-0-2-2s2-5,1,hallway-window,success,0.08111095037253381,0.0881909724055939,0.19607084075480372,0.02260871210593439,28.410014587150208,146.34,0.982333255177948,0.19440839516803415,0.5389488536110892,0.14142135623730945,0.1414213562373095,1,stuck
small-dataset-maps-hallway-window-0-2-2s2-5,2,hallway-window,success,0.0909294586833098,0.11062880863000112,0.31161146106534543,0.03114831041941594,29.049800378763987,100.725,0.967157997381397,0.2887579846346115,0.6618878200474253,0.14142135623730948,0.1414213562373095,0,none
small-dataset-maps-hallway-window-0-2-2s2-6,0,hallway-window,success,0.06568834844975155,0.07649934813830535,0.2170753771521116,0.02882848353593399,24.934263590398487,125.88899999999998,0.9759106874051816,0.19831672077699863,0.5486470073709799,0.14142135623730945,0.1414213562373095,0,none
small-dataset-maps-hallway-window-0-2-2s2-6,1,hallway-window,success,0.04745904827850211,0.05661029506363394,0.20061263994997372,0.03385446311832875,25.630303064536353,141.876,0.9782847957957189,0.18090759770309184,0.49565483811504835,0.14142135623730945,0.1414213562373095,1,stuck
small-dataset-maps-hallway-window-0-2-2s2-6,2,hallway-window,success,0.04453713072768939,0.06007913935419157,0.22874267318208855,0.021456792717031267,26.162483884902464,159.588,0.9608115336307016,0.16414996802465534,0.49557660975032897,0.14142135623730945,0.1414213562373095,1,stuck
small-dataset-maps-hallway-window-0-2-2s2-7,0,hallway-window,incomplete,0.05517145481455973,0.06500544425268366,0.17246862502399382,0.022559287484993862,30.11389790670728,227.628,0.9704397382485709,0.13246324664736225,0.46555322788757536,0.14142135623730945,0.1414213562373095,1,stuck
small-dataset-maps-hallway-window-0-2-2s2-7,1,hallway-window,incomplete,0.055275413565650196,0.06411530568533905,0.1540604630997839,0.026318966471116076,27.984560618902897,224.028,0.9729162672049247,0.12506228467273747,0.42092034535396683,0.14142135623730945,0.1414213562373095,1,stuck
small-dataset-maps-hallway-window-0-2-2s2-7,2,hallway-window,failure,0.07028904235228027,0.07583593542936315,0.15376157563203308,0.03324374282660611,27.819952509259135,215.56799999999998,0.9684003902157083,0.129225285221486,0.4371135951589724,0.14142135623730948,0.1414213562373095,2,"goal_failure,stuck"
small-dataset-maps-hallway-window-0-2-2s2-8,0,hallway-window,failure,0.07196391866121313,0.07598688263270229,0.12776272820987697,0.028881163097689205,14.834917623316263,200.16,0.9450025711131202,0.07420812356739959,0.2865229014528147,0.14142135623730945,0.1414213562373095,2,"goal_failure,stuck"
small-dataset-maps-hallway-window-0-2-2s2-8,1,hallway-window,failure,0.06532641177102395,0.0672892678125518,0.12557052472119892,0.03469453357574493,6.185400952926776,176.472,0.9297610121469907,0.03507467235726917,0.24779466806343808,0.14142135623730945,0.1414213562373095,2,"goal_failure,stuck"
small-dataset-maps-hallway-window-0-2-2s2-8,2,hallway-window,failure,0.08089120152410785,0.08457445417989609,0.1537504601959954,0.051823256230105294,6.069223889942753,177.951,0.922478075412173,0.03415237193989326,0.22264469021643724,0.14142135623730945,0.1414213562373095,3,"goal_failure,stuck,ml_anomaly"
small-dataset-maps-hallway-window-0-2-2s2-9,0,hallway-window,success,0.06943893972839442,0.07580033414171272,0.14775902974045638,0.025646369008266428,17.264332663570144,95.619,0.9696001395572731,0.18084179002727716,0.5059404359813815,0.14142135623730945,0.1414213562373095,1,stuck
small-dataset-maps-hallway-window-0-2-2s2-9,1,hallway-window,success,0.042986412133420936,0.05813870197302211,0.14940707695375924,0.0336549161204934,17.150553209230132,99.108,0.9735927610501911,0.17327444138490536,0.43289944281765746,0.14142135623730945,0.1414213562373095,1,stuck
small-dataset-maps-hallway-window-0-2-2s2-9,2,hallway-window,success,0.07097476147843464,0.07805113998179557,0.1303977679858892,0.028170598337895463,17.295477000508402,103.75200000000001,0.9754373302991892,0.16696934607859834,0.49168852253137985,0.14142135623730948,0.1414213562373095,0,none
small-dataset-maps-room-size-less-50-3f1-1,0,room-size,incomplete,0.05821310333318055,0.06545636639888089,0.13321926532753742,0.03290811554541615,3.4934134244748503,24.588,0.947699632737114,0.14224425400343602,0.6629246602684287,0.14142135623730953,0.1414213562373095,1,stuck
small-dataset-maps-room-size-less-50-3f1-1,1,room-size,failure,0.05231950225832117,0.057353571667438485,0.0948166558037851,0.026819778131902235,4.067456999311366,24.912,0.9656537838639165,0.16366385170741812,0.6459450851353783,0.1414213562373095,0.1414213562373095,1,goal_failure
small-dataset-maps-room-size-less-50-3f1-1,2,room-size,failure,0.0662405885036028,0.07374906540251194,0.10487385748318258,0.02826532229437047,4.250624638685836,25.884,0.9483158192181252,0.16447732378643395,0.5182962755663078,0.14142135623730948,0.1414213562373095,1,goal_failure
small-dataset-maps-room-size-less-50-3f1-2,0,room-size,incomplete,0.08420169558927444,0.09081689160640022,0.12976759897779,0.037425931758819406,5.023210264392296,28.476000000000003,0.9716216068347673,0.17649081292536598,0.659740062955704,0.14142135623730948,0.1414213562373095,0,none
small-dataset-maps-room-size-less-50-3f1-2,1,room-size,failure,0.07998667430283285,0.09254520544694145,0.1401348989896538,0.03260475972597391,4.84951751163369,26.928,0.9747396203196338,0.1802877437030655,0.5442939371642206,0.14142135623730948,0.1414213562373095,1,goal_failure
small-dataset-maps-room-size-less-50-3f1-2,2,room-size,failure,0.052381103579783754,0.06474840233539916,0.14562330601887208,0.02485377985647172,5.072695451445769,27.576,0.9587803456356339,0.1841956038363686,0.5943961929357181,0.14142135623730945,0.1414213562373095,1,goal_failure
small-dataset-maps-room-size-less-50-3f1-3,0,room-size,success,0.05015301551173102,0.06261013764270898,0.17775524368802115,0.03155936815756122,22.644198882018383,124.452,0.9749372658629777,0.18226121396169806,0.4791789872925938,0.14142135623730948,0.1414213562373095,1,stuck
small-dataset-maps-room-size-less-50-3f1-3,1,room-size,success,0.04722023924861465,0.05618833577751618,0.15371461537515152,0.02471638520282619,22.486555007315694,130.644,0.9870193837467467,0.1723683208410846,0.3993187701051846,0.14142135623730945,0.1414213562373095,1,stuck
small-dataset-maps-room-size-less-50-3f1-3,2,room-size,success,0.057983465603792875,0.07005602416860521,0.14301819215700146,0.022324096355264587,23.119287947665836,173.16000000000003,0.9780837851112364,0.133710051636975,0.2964702963761256,0.14142135623730945,0.1414213562373095,1,stuck
small-dataset-maps-room-size-less-50-3f1-4,0,room-size,failure,0.06239426203432509,0.0670111734962068,0.14332321861036512,0.024487200446114566,25.86318768421041,176.904,0.9415151142425191,0.14639157888689358,0.6686447573920434,0.1414213562373095,0.1414213562373095,1,goal_failure
small-dataset-maps-room-size-less-50-3f1-4,1,room-size,failure,0.049485208338486755,0.055825102584179304,0.16750714883624562,0.026735072216212092,15.287459006805978,97.416,0.919580997367407,0.15716276218463177,0.6790316874743486,0.14142135623730948,0.1414213562373095,1,goal_failure
small-dataset-maps-room-size-less-50-3f1-4,2,room-size,failure,0.07589236352485909,0.08059445213816159,0.17327296544066614,0.02169109847030281,22.374809350438554,151.92000000000002,0.9357155214716528,0.147510681256117,0.6845737973001041,0.14142135623730948,0.1414213562373095,1,goal_failure
small-dataset-maps-room-size-less-50-3f1-5,0,room-size,success,0.11497736778189845,0.1472752978885579,0.5739209762603105,0.03246864984987203,26.97637162289872,198.54000000000002,0.994137399917587,0.13605028654931473,0.28323491313605464,0.14142135623730948,0.1414213562373095,2,"stuck,ml_anomaly"
small-dataset-maps-room-size-less-50-3f1-5,1,room-size,success,0.11403058075884738,0.14391519292505886,0.5137028449341612,0.018925662699571355,26.454980177297003,178.632,1.0009128447882962,0.14826089698818645,0.2934541155827673,0.14142135623730948,0.1414213562373095,2,"stuck,ml_anomaly"
small-dataset-maps-room-size-less-50-3f1-5,2,room-size,success,0.12877555681381742,0.16083790155498193,0.6029113782002116,0.04697220184751871,26.903380953025092,185.868,0.9929448668469529,0.14497728588080863,0.3005809251875034,0.14142135623730948,0.1414213562373095,2,"stuck,ml_anomaly"
small-dataset-maps-room-size-less-50-3f1-6,0,room-size,success,0.14577566533413813,0.19417229692961857,0.6486526209599278,0.022352327732522805,36.89559319825718,109.98,1.0056598581695861,0.33598169363975317,0.4569151740878778,0.14142135623730948,0.1414213562373095,1,ml_anomaly
small-dataset-maps-room-size-less-50-3f1-6,1,room-size,success,0.08714160176875771,0.11845723426684743,0.42786614753629504,0.026098694323685178,37.10400422730928,143.064,0.9981838221235146,0.2598366417928469,0.4422181550946407,0.14142135623730948,0.1414213562373095,1,stuck
small-dataset-maps-room-size-less-50-3f1-6,2,room-size,success,0.13421173943869544,0.17431865877086042,0.5393779296130985,0.02671072284798254,37.105387032337006,118.476,1.0019005693882057,0.31361202072491057,0.43334617228214894,0.14142135623730948,0.1414213562373095,1,ml_anomaly
small-dataset-maps-room-size-less-50-3f1-7,0,room-size,success,0.14790118022793622,0.27557782004644577,0.89443364438018,0.061201122190473724,6.953893879604484,22.824,0.8535648414858049,0.3053996498213989,0.551497816224506,0.14142135623730945,0.1414213562373095,2,"position_error_spike,ml_anomaly"
small-dataset-maps-room-size-less-50-3f1-7,1,room-size,success,0.13248310990297477,0.2631162598828923,0.9065844631731841,0.0997101072036844,6.969574591591569,22.68,0.854607131061562,0.3081657820994407,0.46666913564787793,0.14142135623730945,0.1414213562373095,2,"position_error_spike,ml_anomaly"
small-dataset-maps-room-size-less-50-3f1-7,2,room-size,success,0.14666052428063678,0.254468845174528,0.7996198375206364,0.11443584869020737,6.825409492011207,21.996000000000002,0.8726869709352099,0.3107652953382717,0.6345645200907708,0.14142135623730948,0.1414213562373095,1,ml_anomaly
small-dataset-maps-room-size-less-50-3f1-8,0,room-size,failure,0.7258390540263281,0.8366960090980929,1.3414641691669014,0.5382397715640643,7.871213945669627,45.108,0.4003843848840656,0.1747744064916228,1.3078328583504246,0.14142135623730945,0.1414213562373095,5,"goal_failure,position_error_spike,high_yaw_error,path_inefficiency,ml_anomaly"
small-dataset-maps-room-size-less-50-3f1-8,1,room-size,failure,0.7503096159060537,0.8773250681328507,1.1574413233118226,0.6800680481816866,5.419415105691184,31.176,0.5163650498716745,0.1739601221337867,0.6049630316103478,0.1414213562373095,0.1414213562373095,5,"goal_failure,position_error_spike,high_yaw_error,path_inefficiency,ml_anomaly"
small-dataset-maps-room-size-less-50-3f1-8,2,room-size,failure,0.5574712416726211,0.6519195743474394,1.286418366868574,0.6814895621297324,5.8285906828828296,32.796,0.4839208047826361,0.17808437024820972,1.0728017744996183,0.14142135623730948,0.1414213562373095,6,"goal_failure,position_error_spike,stuck,high_yaw_error,path_inefficiency,ml_anomaly"
small-dataset-maps-room-size-less-50-3s1-1,0,room-size,success,0.06503004574995352,0.07444222797648459,0.17524835410673978,0.028461879353128224,17.190965283950188,97.488,0.9741352828851938,0.17654572517377173,0.5507428210075827,0.14142135623730948,0.1414213562373095,0,none
small-dataset-maps-room-size-less-50-3s1-1,1,room-size,success,0.07658397375204767,0.08373697898716843,0.18611528243110564,0.03414920826674176,18.949896204632203,114.33600000000001,0.9649362073656358,0.1660236716630606,0.5551859186490763,0.14142135623730948,0.1414213562373095,0,none
small-dataset-maps-room-size-less-50-3s1-1,2,room-size,success,0.06941775171326867,0.08049134663161427,0.1609637955441502,0.0402133054381606,19.24431734751852,116.352,0.9715426796983707,0.16553509312237952,0.44075877895408133,0.14142135623730948,0.1414213562373095,0,none
small-dataset-maps-room-size-less-50-3s1-2,0,room-size,failure,0.05186429734427786,0.05445740654035749,0.11431086752749964,0.03122625070578049,15.866456243541018,187.95899999999997,0.9623278129739808,0.08451355268233267,0.34037148982687737,0.14142135623730948,0.1414213562373095,2,"goal_failure,stuck"
small-dataset-maps-room-size-less-50-3s1-2,1,room-size,success,0.07270810888005282,0.07974492355618863,0.14491803949382992,0.026139687268451853,16.59692492537271,107.74799999999999,0.9782805545907244,0.15426439641842968,0.47358520440152946,0.14142135623730948,0.1414213562373095,0,none
small-dataset-maps-room-size-less-50-3s1-2,2,room-size,success,0.04563372909898375,0.05591220470056844,0.18382286162685665,0.02347975815826085,16.973908329837453,106.164,0.9748454172258062,0.16010121600422172,1.0490688499728975,0.14142135623730945,0.1414213562373095,1,ml_anomaly
small-dataset-maps-room-size-less-50-3s1-3,0,room-size,success,0.050200807158963946,0.06267231003933471,0.2003751789696707,0.0396077170917132,18.93832738163356,125.676,0.9755700526020138,0.15091861594083242,0.5455805123425351,0.14142135623730945,0.1414213562373095,1,stuck
small-dataset-maps-room-size-less-50-3s1-3,1,room-size,failure,0.06683195514143427,0.07611164599085143,0.13910333883276207,0.05013008794911651,5.536903754850477,57.78,0.9062019009225173,0.09594190814939767,0.6145439357091534,0.14142135623730945,0.1414213562373095,1,goal_failure
small-dataset-maps-room-size-less-50-3s1-3,2,room-size,failure,0.03397353809475373,0.039005734110357376,0.14301951986158595,0.018707642287802136,5.875415624208236,110.88,0.9511091716061125,0.05306529002232771,0.3521591404697737,0.14142135623730948,0.1414213562373095,2,"goal_failure,stuck"
small-dataset-maps-room-size-less-50-3s1-4,0,room-size,failure,0.09144102323503565,0.09576548115219909,0.120500269146328,0.024943182589394965,7.022768811516457,89.208,0.9577330813301982,0.0788201283648729,0.33391329034032124,0.14142135623730948,0.1414213562373095,2,"goal_failure,stuck"
small-dataset-maps-room-size-less-50-3s1-4,1,room-size,failure,0.06402896704101185,0.06562412191295623,0.0933617748469983,0.043448315151892375,7.204621166631141,142.023,0.9476971182885248,0.05078289917707957,0.2567052918977162,0.14142135623730945,0.1414213562373095,2,"goal_failure,stuck"
small-dataset-maps-room-size-less-50-3s1-4,2,room-size,failure,0.08561301717725378,0.09597936513637152,0.1933746881451407,0.04392466851465383,6.455635808414465,95.94,0.9522857172347376,0.06736972166076387,0.29426141597305777,0.14142135623730948,0.1414213562373095,2,"goal_failure,stuck"
small-dataset-maps-room-size-less-50-3s1-5,0,room-size,failure,0.09089472606423936,0.1024022381006062,0.19945621605011005,0.024774864675329956,13.148699279883175,205.236,0.9508223033833172,0.06411546296409662,0.2816690886932607,0.14142135623730945,0.1414213562373095,2,"goal_failure,stuck"
small-dataset-maps-room-size-less-50-3s1-5,1,room-size,success,0.0829742686636807,0.09077162116492567,0.22432128401349363,0.02889142940842024,31.665742736652483,192.708,0.9603092333321368,0.16453051669918828,0.38410039928284384,0.14142135623730948,0.1414213562373095,1,stuck
small-dataset-maps-room-size-less-50-3s1-5,2,room-size,failure,0.13710521988569488,0.14220528637357538,0.22659538032928872,0.023506748053635906,14.20782475851968,191.124,0.9508123222465507,0.07439809574078529,0.3396577963604851,0.14142135623730945,0.1414213562373095,3,"goal_failure,stuck,ml_anomaly"
small-dataset-maps-room-size-less-50-3s1-6,0,room-size,success,0.06888937765059078,0.07432452163764584,0.13835534683637735,0.03105530630391488,22.44653270524053,94.536,0.9896079534912209,0.23779826251609062,0.5082908384509879,0.14142135623730945,0.1414213562373095,0,none
small-dataset-maps-room-size-less-50-3s1-6,1,room-size,success,0.0653285496864744,0.07080248509129554,0.1271295582381027,0.022778546089651096,22.748534071072545,84.489,0.9803605834963744,0.2695411998020684,0.4907883311642397,0.14142135623730945,0.1414213562373095,0,none
small-dataset-maps-room-size-less-50-3s1-6,2,room-size,success,0.05734608832200166,0.06166394446657539,0.11181796914486768,0.027928247150401764,22.465954739112775,84.885,0.9833634888154298,0.26516357179906025,0.546597198483579,0.14142135623730945,0.1414213562373095,0,none
small-dataset-maps-room-size-less-50-3s2-1,0,room-size,success,0.05114012142255561,0.05590268798654918,0.13110898785790792,0.026769454557822737,23.720216902039017,139.71599999999998,0.985095857679839,0.17000093412884978,0.42335520706793417,0.14142135623730948,0.1414213562373095,1,stuck
small-dataset-maps-room-size-less-50-3s2-1,1,room-size,success,0.05658243343360277,0.06390081793563292,0.1189768227830909,0.021628427773932264,23.56572437211443,102.42,0.9917217461217939,0.2303437725788898,0.48314094879077996,0.14142135623730948,0.1414213562373095,0,none
small-dataset-maps-room-size-less-50-3s2-1,2,room-size,success,0.06004950184420025,0.07015056488964741,0.14513651693307933,0.024961274453859716,23.243015505889687,99.21600000000001,0.9986773139851612,0.2345844847142683,0.49034788373364974,0.14142135623730948,0.1414213562373095,0,none
small-dataset-maps-room-size-less-50-3s2-2,0,room-size,incomplete,0.08690580398676225,0.08963727241983054,0.15862456769591263,0.02103470535119753,13.901942462141303,192.636,0.979424842553504,0.07225913188395831,0.29339392001169046,0.14142135623730945,0.1414213562373095,1,stuck
small-dataset-maps-room-size-less-50-3s2-2,1,room-size,success,0.07341406047446426,0.07826096413328494,0.15040017963181385,0.01577640271091067,24.31875600680722,121.61099999999999,0.9811169469877977,0.20020002429483397,0.49942123751513773,0.14142135623730948,0.1414213562373095,0,none
small-dataset-maps-room-size-less-50-3s2-2,2,room-size,success,0.09134401033769661,0.0989940302482251,0.18028898636171023,0.03882858479295133,24.657373720708243,136.908,0.9894923080798095,0.18027359326749037,0.504392370214905,0.14142135623730948,0.1414213562373095,0,none
small-dataset-maps-room-size-less-50-3s2-3,0,room-size,success,0.030414501841441018,0.03840388581650193,0.11834397450499592,0.028039066788378714,18.96332630014619,216.32399999999998,0.9622002816581444,0.0877764289183518,0.36891470446651076,0.14142135623730948,0.1414213562373095,1,stuck
small-dataset-maps-room-size-less-50-3s2-3,1,room-size,failure,0.04250876675970146,0.048498483250477294,0.13211924659181998,0.030439292563645314,9.929139873660954,179.82,0.9288805066791774,0.055278785232827435,0.3115140866077933,0.14142135623730948,0.1414213562373095,2,"goal_failure,stuck"
small-dataset-maps-room-size-less-50-3s2-3,2,room-size,success,0.04284848631314966,0.04700374756134848,0.09899514008433662,0.026169077420778404,18.69110063477742,167.436,0.9563816689199006,0.11177019334228705,0.392762111741904,0.14142135623730945,0.1414213562373095,1,stuck
small-dataset-maps-room-size-less-50-3s3-1,0,room-size,success,0.05520883218135535,0.058700813390057414,0.11139536995316625,0.04307390942711247,22.388942411980693,140.94,0.965162331022168,0.15903639366239758,0.510490014099164,0.14142135623730945,0.1414213562373095,1,stuck
small-dataset-maps-room-size-less-50-3s3-1,1,room-size,success,0.05603106591187397,0.05872934384711085,0.1287259306708823,0.04196838460730363,20.438210106961275,153.684,0.9853592962681897,0.13314797038142145,0.3814126392277391,0.14142135623730945,0.1414213562373095,1,stuck
small-dataset-maps-room-size-less-50-3s3-1,2,room-size,success,0.05950990418709253,0.0626380230520925,0.0989075737129787,0.021128166284833473,17.959899976000404,65.73599999999999,0.9879109521662905,0.27371331684800204,0.46304513103073636,0.14142135623730945,0.1414213562373095,0,none
small-dataset-maps-room-size-less-50-3s3-2,0,room-size,failure,0.056346096247559194,0.06380455040501871,0.1628987112946708,0.031718826555504544,12.40084019331071,188.38799999999998,0.9413491184475998,0.06589867859303888,0.30480513343373333,0.14142135623730945,0.1414213562373095,2,"goal_failure,stuck"
small-dataset-maps-room-size-less-50-3s3-2,1,room-size,failure,0.035995207514284845,0.040876557962507304,0.10570688338206037,0.02507619242241011,10.39275006505866,176.868,0.9476807601558742,0.058841421428525824,0.28987516496097854,0.14142135623730945,0.1414213562373095,2,"goal_failure,stuck"
small-dataset-maps-room-size-less-50-3s3-2,2,room-size,failure,0.06729632267822887,0.07133431782055978,0.15452006663491433,0.026898722261485233,8.977370184800424,177.588,0.9469612366901516,0.050632485432256805,0.24053542917975837,0.14142135623730948,0.1414213562373095,2,"goal_failure,stuck"
small-dataset-maps-room-size-less-50-3s3-3,0,room-size,success,0.07409026968593474,0.07905210415845138,0.15915604437582367,0.027989907941944163,20.412346195692596,141.084,0.9840519518801913,0.14495092917488098,0.33889582054422535,0.14142135623730945,0.1414213562373095,1,stuck
small-dataset-maps-room-size-less-50-3s3-3,1,room-size,success,0.07112083396272757,0.07493965608261287,0.13494936737293328,0.022603155665626515,19.679469867587066,104.004,0.9781001545238562,0.1894522520961111,0.38567511960843887,0.14142135623730945,0.1414213562373095,1,stuck
small-dataset-maps-room-size-less-50-3s3-3,2,room-size,success,0.05746298686848849,0.06111751498477495,0.10925449229417039,0.03744767972790518,19.622862010360368,96.47999999999999,0.9809690836253745,0.2036517162067807,0.41223363302785415,0.14142135623730945,0.1414213562373095,1,stuck
